일자,종가,대비,등락률,시가,고가,저가,거래량,거래대금,시가총액,상장주식수
"2023/04/28","3440","20","0.58","3400","3455","3400","73809","252866660","192488240960","55955884"
"2023/04/27","3420","-85","-2.43","3475","3515","3400","84136","289698540","191369123280","55955884"
"2023/04/26","3505","-15","-0.43","3560","3565","3480","29644","103810825","196125373420","55955884"
"2023/04/25","3520","-5","-0.14","3525","3530","3495","71653","251005660","196964711680","55955884"
"2023/04/24","3525","-50","-1.40","3580","3590","3500","65168","229004865","197244491100","55955884"
"2023/04/21","3575","10","0.28","3565","3590","3530","30914","109978390","200042285300","55955884"
"2023/04/20","3565","-10","-0.28","3575","3585","3525","56786","201953430","199482726460","55955884"
"2023/04/19","3575","-40","-1.11","3640","3640","3560","52579","188066985","200042285300","55955884"
"2023/04/18","3615","15","0.42","3600","3630","3565","62696","225194010","202280520660","55955884"
"2023/04/17","3600","-5","-0.14","3620","3620","3555","53070","189837925","201441182400","55955884"
"2023/04/14","3605","0","0.00","3560","3620","3555","66466","238367635","201720961820","55955884"
"2023/04/13","3605","35","0.98","3570","3605","3525","33626","120156280","201720961820","55955884"
"2023/04/12","3570","35","0.99","3580","3585","3515","68631","243541640","199762505880","55955884"
"2023/04/11","3535","-25","-0.70","3720","3720","3510","286527","1017144075","197804049940","55955884"
"2023/04/10","3560","-125","-3.39","3685","3695","3550","96885","349001780","199202947040","55955884"
"2023/04/07","3685","-55","-1.47","3745","3750","3675","35008","129530655","206197432540","55955884"
"2023/04/06","3740","20","0.54","3720","3740","3680","17514","64728410","209275006160","55955884"
"2023/04/05","3720","0","0.00","3740","3755","3690","41122","152442370","208155888480","55955884"
"2023/04/04","3720","0","0.00","3760","3770","3700","42303","157061180","208155888480","55955884"
"2023/04/03","3720","-20","-0.53","3795","3840","3695","33095","122984795","208155888480","55955884"
"2023/03/31","3740","85","2.33","3680","3760","3650","36781","135769350","209275006160","55955884"
"2023/03/30","3655","-5","-0.14","3690","3690","3610","28437","103329445","204518756020","55955884"
"2023/03/29","3660","-45","-1.21","3710","3720","3605","51778","190013120","204798535440","55955884"
"2023/03/28","3705","-90","-2.37","3795","3835","3650","100199","371920420","207316550220","55955884"
"2023/03/27","3795","-140","-3.56","3950","3950","3755","45634","173631475","212352579780","55955884"
"2023/03/24","3935","-45","-1.13","3995","3995","3910","10243","40287080","220186403540","55955884"
"2023/03/23","3980","-35","-0.87","4025","4025","3900","36673","144370900","222704418320","55955884"
"2023/03/22","4015","-10","-0.25","4050","4050","3950","31749","127057225","224662874260","55955884"
"2023/03/21","4025","45","1.13","3980","4050","3960","37923","152062050","225222433100","55955884"
"2023/03/20","3980","-5","-0.13","3990","3990","3900","14163","56178745","222704418320","55955884"
"2023/03/17","3985","45","1.14","3990","3990","3800","50721","198714090","222984197740","55955884"
"2023/03/16","3940","20","0.51","3990","3990","3885","22323","88228840","220466182960","55955884"
"2023/03/15","3920","20","0.51","3935","3935","3865","42048","164115485","219347065280","55955884"
"2023/03/14","3900","-75","-1.89","4015","4015","3890","27788","108665225","218227947600","55955884"
"2023/03/13","3975","-50","-1.24","4075","4075","3935","46901","186125500","222424638900","55955884"
"2023/03/10","4025","0","0.00","4090","4090","3990","9906","39722725","225222433100","55955884"
"2023/03/09","4025","-45","-1.11","4075","4075","4020","9244","37323715","225222433100","55955884"
"2023/03/08","4070","-5","-0.12","4075","4075","3970","27079","109439385","227740447880","55955884"
"2023/03/07","4075","25","0.62","4100","4100","4015","37218","151003650","228020227300","55955884"
"2023/03/06","4050","20","0.50","4030","4050","3990","21956","88348985","226621330200","55955884"
"2023/03/03","4030","-40","-0.98","4085","4090","4000","18004","73098255","225502212520","55955884"
"2023/03/02","4070","0","0.00","4070","4075","4020","30428","123700825","227740447880","55955884"
"2023/02/28","4070","60","1.50","4040","4070","3995","47470","191817285","227740447880","55955884"
"2023/02/27","4010","35","0.88","3975","4010","3905","18854","74220465","224383094840","55955884"
"2023/02/24","3975","-10","-0.25","3985","4020","3945","45761","182323265","222424638900","55955884"
"2023/02/23","3985","45","1.14","3940","3985","3925","15216","60301660","222984197740","55955884"
"2023/02/22","3940","5","0.13","3955","3955","3890","13604","53374855","220466182960","55955884"
"2023/02/21","3935","40","1.03","3900","3950","3875","23278","91230140","220186403540","55955884"
"2023/02/20","3895","-65","-1.64","3980","3980","3875","67905","263989390","217948168180","55955884"
"2023/02/17","3960","5","0.13","3980","3980","3900","41046","161414760","221585300640","55955884"
"2023/02/16","3955","-20","-0.50","3990","3990","3900","54972","216499940","221305521220","55955884"
"2023/02/15","3975","-20","-0.50","3995","4005","3950","40896","162439995","222424638900","55955884"
"2023/02/14","3995","-25","-0.62","4020","4020","3975","31621","126128490","223543756580","55955884"
"2023/02/13","4020","-10","-0.25","4020","4020","3970","36218","144805340","224942653680","55955884"
"2023/02/10","4030","10","0.25","4050","4065","3980","51077","204910135","225502212520","55955884"
"2023/02/09","4020","-70","-1.71","4050","4075","4015","14078","56659785","224942653680","55955884"
"2023/02/08","4090","0","0.00","4030","4105","4015","31185","126980820","228859565560","55955884"
"2023/02/07","4090","40","0.99","4015","4100","4005","33075","133175525","228859565560","55955884"
"2023/02/06","4050","-50","-1.22","4030","4100","4005","42354","171077655","226621330200","55955884"
"2023/02/03","4100","-10","-0.24","4085","4135","4045","60126","245171395","229419124400","55955884"
"2023/02/02","4110","50","1.23","4060","4130","4015","56973","231278335","229978683240","55955884"
"2023/02/01","4060","-90","-2.17","4140","4265","4055","71745","292191010","227180889040","55955884"
"2023/01/31","4150","5","0.12","4100","4215","4045","162727","668832915","232216918600","55955884"
"2023/01/30","4145","-75","-1.78","4175","4280","4145","51319","214300140","231937139180","55955884"
"2023/01/27","4220","20","0.48","4155","4345","4155","97607","414898135","236133830480","55955884"
"2023/01/26","4200","0","0.00","4200","4210","4135","39127","163815005","235014712800","55955884"
"2023/01/25","4200","20","0.48","4235","4235","4155","47227","197572410","235014712800","55955884"
"2023/01/20","4180","-5","-0.12","4185","4200","4135","33210","138480495","233895595120","55955884"
"2023/01/19","4185","-15","-0.36","4285","4285","4070","48485","200905155","234175374540","55955884"
"2023/01/18","4200","95","2.31","4140","4395","4050","65366","271824300","235014712800","55955884"
"2023/01/17","4105","-45","-1.08","4180","4180","4035","36820","149643815","229698903820","55955884"
"2023/01/16","4150","30","0.73","4195","4205","4100","44780","185811200","232216918600","55955884"
"2023/01/13","4120","25","0.61","4100","4190","4055","38893","159493435","230538242080","55955884"
"2023/01/12","4095","150","3.80","3930","4320","3915","108121","432139605","229139344980","55955884"
"2023/01/11","3945","-15","-0.38","3955","3965","3900","33925","133565155","220745962380","55955884"
"2023/01/10","3960","-5","-0.13","3965","3965","3905","20681","81230185","221585300640","55955884"
"2023/01/09","3965","20","0.51","3945","3970","3925","27310","107885895","221865080060","55955884"
"2023/01/06","3945","85","2.20","3860","3960","3830","34220","133951870","220745962380","55955884"
"2023/01/05","3860","80","2.12","3790","3870","3760","39631","151321780","215989712240","55955884"
"2023/01/04","3780","-45","-1.18","3830","3830","3710","24986","93694640","211513241520","55955884"
"2023/01/03","3825","60","1.59","3800","3845","3655","60622","226192020","214031256300","55955884"
"2023/01/02","3765","120","3.29","3645","3795","3640","37739","139712095","210673903260","55955884"
"2022/12/29","3645","-105","-2.80","3775","3775","3630","25853","94452945","203959197180","55955884"
"2022/12/28","3750","-75","-1.96","3790","3790","3695","43723","163861770","209834565000","55955884"
"2022/12/27","3825","115","3.10","3760","3835","3720","42794","161720915","214031256300","55955884"
"2022/12/26","3710","-40","-1.07","3760","3800","3710","37542","140706880","207596329640","55955884"
"2022/12/23","3750","0","0.00","3765","3765","3695","26076","97274355","209834565000","55955884"
"2022/12/22","3750","30","0.81","3725","3750","3685","30142","112233705","209834565000","55955884"
"2022/12/21","3720","-15","-0.40","3735","3735","3665","18901","69790880","208155888480","55955884"
"2022/12/20","3735","-15","-0.40","3755","3755","3650","30938","114999130","208995226740","55955884"
"2022/12/19","3750","-10","-0.27","3760","3760","3680","59749","221564450","209834565000","55955884"
"2022/12/16","3760","-65","-1.70","3825","3825","3740","36236","136394250","210394123840","55955884"
"2022/12/15","3825","-35","-0.91","3860","3860","3800","38921","148418730","214031256300","55955884"
"2022/12/14","3860","60","1.58","3775","3875","3760","54290","207322105","215989712240","55955884"
"2022/12/13","3800","20","0.53","3780","3800","3775","18036","68377750","212632359200","55955884"
"2022/12/12","3780","-20","-0.53","3800","3800","3780","16151","61217685","211513241520","55955884"
"2022/12/09","3800","0","0.00","3800","3810","3760","30394","115015595","212632359200","55955884"
"2022/12/08","3800","-10","-0.26","3800","3800","3755","29780","112386510","212632359200","55955884"
"2022/12/07","3810","10","0.26","3800","3810","3765","52246","197932315","213191918040","55955884"
"2022/12/06","3800","0","0.00","3800","3800","3770","36849","139518055","212632359200","55955884"
"2022/12/05","3800","15","0.40","3785","3890","3770","120107","457232160","212632359200","55955884"
"2022/12/02","3785","-15","-0.39","3805","3805","3750","68135","256745520","211793020940","55955884"
"2022/12/01","3800","20","0.53","3780","3805","3750","111163","421646215","212632359200","55955884"
"2022/11/30","3780","5","0.13","3775","3780","3745","34776","130785745","211513241520","55955884"
"2022/11/29","3775","-25","-0.66","3800","3805","3750","50779","192505925","211233462100","55955884"
"2022/11/28","3800","-10","-0.26","3810","3810","3760","22551","85524450","212632359200","55955884"
"2022/11/25","3810","-15","-0.39","3825","3825","3745","55438","209462580","213191918040","55955884"
"2022/11/24","3825","10","0.26","3815","3825","3715","41222","155731775","214031256300","55955884"
"2022/11/23","3815","-60","-1.55","3875","3875","3810","47059","180595410","213471697460","55955884"
"2022/11/22","3875","25","0.65","3875","3875","3820","42276","162039890","216829050500","55955884"
"2022/11/21","3850","-5","-0.13","3870","3870","3775","51047","195802330","215430153400","55955884"
"2022/11/18","3855","15","0.39","3840","3855","3810","33360","128087885","215709932820","55955884"
"2022/11/17","3840","10","0.26","3830","3840","3785","24840","94405420","214870594560","55955884"
"2022/11/16","3830","20","0.52","3810","3850","3785","47302","180471180","214311035720","55955884"
"2022/11/15","3810","10","0.26","3665","3810","3665","47999","179756665","213191918040","55955884"
"2022/11/14","3800","-40","-1.04","3840","3840","3750","39655","149401960","212632359200","55955884"
"2022/11/11","3840","230","6.37","3615","3880","3615","114619","431355805","214870594560","55955884"
"2022/11/10","3610","-90","-2.43","3700","3700","3600","53641","195347940","202000741240","55955884"
"2022/11/09","3700","65","1.79","3630","3700","3605","30169","110336480","207036770800","55955884"
"2022/11/08","3635","-45","-1.22","3675","3700","3635","40754","149680450","203399638340","55955884"
"2022/11/07","3680","-60","-1.60","3740","3740","3650","29138","107671575","205917653120","55955884"
"2022/11/04","3740","150","4.18","3590","3750","3555","75591","276176930","209275006160","55955884"
"2022/11/03","3590","-10","-0.28","3600","3600","3505","36784","130660460","200881623560","55955884"
"2022/11/02","3600","0","0.00","3600","3620","3560","53415","192482540","201441182400","55955884"
"2022/11/01","3600","90","2.56","3530","3615","3495","125379","448595550","201441182400","55955884"
"2022/10/31","3510","-45","-1.27","3555","3620","3505","53108","189305520","196405152840","55955884"
"2022/10/28","3555","40","1.14","3510","3555","3485","57884","204491500","198923167620","55955884"
"2022/10/27","3515","60","1.74","3455","3545","3440","68796","240993230","196684932260","55955884"
"2022/10/26","3455","15","0.44","3440","3490","3400","43899","151333385","193327579220","55955884"
"2022/10/25","3440","25","0.73","3425","3460","3400","35419","121420110","192488240960","55955884"
"2022/10/24","3415","60","1.79","3330","3490","3330","53234","183165225","191089343860","55955884"
"2022/10/21","3355","-55","-1.61","3410","3430","3320","74796","250965925","187731990820","55955884"
"2022/10/20","3410","-90","-2.57","3500","3500","3395","92033","315077140","190809564440","55955884"
"2022/10/19","3500","0","0.00","3545","3545","3455","154858","541749550","195845594000","55955884"
"2022/10/18","3500","50","1.45","3495","3535","3380","194090","668418875","195845594000","55955884"
"2022/10/17","3450","-115","-3.23","3510","3510","3330","177121","601132035","193047799800","55955884"
"2022/10/14","3565","55","1.57","3515","3605","3385","156236","535055235","199482726460","55955884"
"2022/10/13","3510","-230","-6.15","3785","3785","3510","252158","895613140","196405152840","55955884"
"2022/10/12","3740","-230","-5.79","3935","3965","3680","265502","989810280","209275006160","55955884"
"2022/10/11","3970","-205","-4.91","4175","4175","3940","71059","283818705","222144859480","55955884"
"2022/10/07","4175","-10","-0.24","4185","4255","4070","24472","100713630","233615815700","55955884"
"2022/10/06","4185","-50","-1.18","4240","4255","4100","45055","188037945","234175374540","55955884"
"2022/10/05","4235","-35","-0.82","4340","4340","4230","19183","81599360","236973168740","55955884"
"2022/10/04","4270","-50","-1.16","4370","4370","4240","43613","186849075","238931624680","55955884"
"2022/09/30","4320","-45","-1.03","4365","4395","4305","21037","91240390","241729418880","55955884"
"2022/09/29","4365","-35","-0.80","4500","4500","4365","21003","92199100","244247433660","55955884"
"2022/09/28","4400","0","0.00","4500","4500","4340","41399","181505785","246205889600","55955884"
"2022/09/27","4400","-105","-2.33","4505","4505","4400","31252","139465365","246205889600","55955884"
"2022/09/26","4505","-85","-1.85","4560","4590","4500","23230","105285470","252081257420","55955884"
"2022/09/23","4590","35","0.77","4630","4685","4500","39551","180020645","256837507560","55955884"
"2022/09/22","4555","-20","-0.44","4680","4680","4550","10648","48641845","254879051620","55955884"
"2022/09/21","4575","-75","-1.61","4735","4735","4565","15038","69135180","255998169300","55955884"
"2022/09/20","4650","95","2.09","4645","4715","4505","36295","166906090","260194860600","55955884"
"2022/09/19","4555","0","0.00","4660","4660","4555","21175","96997715","254879051620","55955884"
"2022/09/16","4555","-65","-1.41","4670","4670","4550","31748","146392305","254879051620","55955884"
"2022/09/15","4620","-55","-1.18","4650","4695","4615","17009","78818880","258516184080","55955884"
"2022/09/14","4675","-5","-0.11","4650","4745","4640","12479","58377050","261593757700","55955884"
"2022/09/13","4680","-10","-0.21","4690","4700","4650","25094","117244320","261873537120","55955884"
"2022/09/08","4690","55","1.19","4695","4695","4600","19104","89065835","262433095960","55955884"
"2022/09/07","4635","-65","-1.38","4705","4705","4635","12205","56892435","259355522340","55955884"
"2022/09/06","4700","80","1.73","4640","4700","4640","8217","38396950","262992654800","55955884"
"2022/09/05","4620","-45","-0.96","4665","4685","4620","20540","95167530","258516184080","55955884"
"2022/09/02","4665","-30","-0.64","4725","4725","4645","25341","118188245","261034198860","55955884"
"2022/09/01","4695","-70","-1.47","4765","4770","4655","33890","159157100","262712875380","55955884"
"2022/08/31","4765","-30","-0.63","4840","4845","4720","8068","38319945","266629787260","55955884"
"2022/08/30","4795","-5","-0.10","4810","4810","4745","22013","104789340","268308463780","55955884"
"2022/08/29","4800","-55","-1.13","4850","4850","4750","11542","55197580","268588243200","55955884"
"2022/08/26","4855","30","0.62","4825","4855","4795","19311","92890115","271665816820","55955884"
"2022/08/25","4825","-5","-0.10","4830","4830","4755","10490","50482235","269987140300","55955884"
"2022/08/24","4830","-35","-0.72","4920","4920","4780","34578","166247625","270266919720","55955884"
"2022/08/23","4865","-5","-0.10","4920","4920","4800","10677","51824035","272225375660","55955884"
"2022/08/22","4870","-20","-0.41","4920","4920","4835","9366","45561205","272505155080","55955884"
"2022/08/19","4890","30","0.62","4860","4890","4845","11163","54442360","273624272760","55955884"
"2022/08/18","4860","25","0.52","4850","4875","4800","19557","94910405","271945596240","55955884"
"2022/08/17","4835","-5","-0.10","4890","4895","4785","33776","162529860","270546699140","55955884"
"2022/08/16","4840","40","0.83","4800","4865","4780","45498","220218005","270826478560","55955884"
"2022/08/12","4800","10","0.21","4795","4900","4770","212852","1022366850","268588243200","55955884"
"2022/08/11","4790","20","0.42","4815","4820","4770","21718","103831325","268028684360","55955884"
"2022/08/10","4770","0","0.00","4770","4770","4755","20253","96571010","266909566680","55955884"
"2022/08/09","4770","-15","-0.31","4785","4785","4750","17231","82052405","266909566680","55955884"
"2022/08/08","4785","-10","-0.21","4825","4825","4775","9271","44330350","267748904940","55955884"
"2022/08/05","4795","-40","-0.83","4860","4860","4755","42267","202608135","268308463780","55955884"
"2022/08/04","4835","50","1.04","4825","4845","4755","20203","97217265","270546699140","55955884"
"2022/08/03","4785","-40","-0.83","4860","4860","4780","92634","443967000","267748904940","55955884"
"2022/08/02","4825","-30","-0.62","4865","4865","4800","18772","90843630","269987140300","55955884"
"2022/08/01","4855","125","2.64","4730","4855","4720","30461","145596750","271665816820","55955884"
"2022/07/29","4730","75","1.61","4660","4735","4660","51783","243193200","264671331320","55955884"
"2022/07/28","4655","-25","-0.53","4685","4710","4655","55589","260026760","260474640020","55955884"
"2022/07/27","4680","-5","-0.11","4640","4695","4635","34127","159062555","261873537120","55955884"
"2022/07/26","4685","-85","-1.78","4735","4770","4650","84335","394353430","262153316540","55955884"
"2022/07/25","4770","-35","-0.73","4805","4805","4645","81945","386185630","266909566680","55955884"
"2022/07/22","4805","-45","-0.93","4850","4850","4790","57430","276431220","268868022620","55955884"
"2022/07/21","4850","25","0.52","4835","4850","4785","87933","422595905","271386037400","55955884"
"2022/07/20","4825","-165","-3.31","4995","4995","4695","389454","1862956820","269987140300","55955884"
"2022/07/19","4990","0","0.00","4965","4990","4950","58449","290644715","279219861160","55955884"
"2022/07/18","4990","-30","-0.60","5000","5010","4915","45841","227593000","279219861160","55955884"
"2022/07/15","5020","110","2.24","4875","5090","4875","205840","1031327595","280898537680","55955884"
"2022/07/14","4910","-50","-1.01","4960","4960","4890","51871","256626150","274743390440","55955884"
"2022/07/13","4960","60","1.22","4895","4970","4875","48369","238962720","277541184640","55955884"
"2022/07/12","4900","-50","-1.01","4930","4950","4880","44290","217619180","274183831600","55955884"
"2022/07/11","4950","-70","-1.39","5020","5020","4950","106996","533727475","276981625800","55955884"
"2022/07/08","5020","20","0.40","5000","5020","4950","63951","318789150","280898537680","55955884"
"2022/07/07","5000","35","0.70","4950","5070","4920","121329","610291615","279779420000","55955884"
"2022/07/06","4965","15","0.30","4925","4970","4845","173966","859183440","277820964060","55955884"
"2022/07/05","4950","140","2.91","4810","4955","4760","217459","1064009540","276981625800","55955884"
"2022/07/04","4810","-75","-1.54","4890","4890","4700","131269","625514190","269147802040","55955884"
"2022/07/01","4885","-20","-0.41","4910","4955","4820","63896","310947010","273344493340","55955884"
"2022/06/30","4905","-90","-1.80","4975","4995","4885","46634","229741180","274463611020","55955884"
"2022/06/29","4995","-165","-3.20","5090","5130","4980","48923","246234670","279499640580","55955884"
"2022/06/28","5160","40","0.78","5120","5200","5100","77141","398051510","288732361440","55955884"
"2022/06/27","5120","30","0.59","5070","5160","5050","150150","764410650","286494126080","55955884"
"2022/06/24","5090","100","2.00","4960","5100","4960","127269","640918820","284815449560","55955884"
"2022/06/23","4990","0","0.00","5020","5050","4945","149895","748255445","279219861160","55955884"
"2022/06/22","4990","-180","-3.48","5270","5270","4985","163178","832067870","279219861160","55955884"
"2022/06/21","5170","60","1.17","5130","5200","5100","74971","384882580","289291920280","55955884"
"2022/06/20","5110","-180","-3.40","5330","5390","5100","147282","765492760","285934567240","55955884"
"2022/06/17","5290","70","1.34","5170","5290","5130","314695","1647908960","296006626360","55955884"
"2022/06/16","5220","40","0.77","5200","5260","5200","122729","641829610","292089714480","55955884"
"2022/06/15","5180","-120","-2.26","5280","5300","5180","164409","860489090","289851479120","55955884"
"2022/06/14","5300","-110","-2.03","5330","5410","5280","320295","1697585490","296566185200","55955884"
"2022/06/13","5410","30","0.56","5350","5420","5280","179344","955402400","302721332440","55955884"
"2022/06/10","5380","-230","-4.10","5580","5600","5370","322878","1746376240","301042655920","55955884"
"2022/06/09","5610","-60","-1.06","5690","5690","5610","28735","161922150","313912509240","55955884"
"2022/06/08","5670","-10","-0.18","5690","5690","5650","31174","176619010","317269862280","55955884"
"2022/06/07","5680","10","0.18","5670","5680","5610","90503","512332680","317829421120","55955884"
"2022/06/03","5670","-20","-0.35","5700","5700","5660","44440","252289380","317269862280","55955884"
"2022/06/02","5690","10","0.18","5690","5700","5650","51622","292912970","318388979960","55955884"
"2022/05/31","5680","0","0.00","5680","5680","5640","32943","186889060","317829421120","55955884"
"2022/05/30","5680","20","0.35","5610","5680","5580","63563","359540170","317829421120","55955884"
"2022/05/27","5660","0","0.00","5660","5680","5640","46591","263965810","316710303440","55955884"
"2022/05/26","5660","80","1.43","5590","5660","5530","125172","701272240","316710303440","55955884"
"2022/05/25","5580","80","1.45","5520","5590","5450","132384","733760650","312233832720","55955884"
"2022/05/24","5500","10","0.18","5390","5540","5390","35296","193350420","307757362000","55955884"
"2022/05/23","5490","-20","-0.36","5560","5560","5440","32880","179910750","307197803160","55955884"
"2022/05/20","5510","10","0.18","5500","5550","5450","46972","258601480","308316920840","55955884"
"2022/05/19","5500","-20","-0.36","5410","5500","5410","27871","152557980","307757362000","55955884"
"2022/05/18","5520","20","0.36","5450","5520","5400","99971","547151820","308876479680","55955884"
"2022/05/17","5500","10","0.18","5490","5500","5390","126817","691512020","307757362000","55955884"
"2022/05/16","5490","80","1.48","5430","5490","5410","95998","524182390","307197803160","55955884"
"2022/05/13","5410","140","2.66","5320","5410","5280","166530","892672090","302721332440","55955884"
"2022/05/12","5270","-210","-3.83","5480","5480","5250","366530","1962117460","294887508680","55955884"
"2022/05/11","5480","10","0.18","5470","5480","5380","150732","818817190","306638244320","55955884"
"2022/05/10","5470","10","0.18","5370","5480","5300","93706","505202130","306078685480","55955884"
"2022/05/09","5460","-40","-0.73","5500","5530","5390","119290","648288550","305519126640","55955884"
"2022/05/06","5500","-90","-1.61","5570","5600","5450","69981","385419370","307757362000","55955884"
"2022/05/04","5590","-50","-0.89","5700","5700","5540","129324","724367260","312793391560","55955884"
"2022/05/03","5640","-90","-1.57","5680","5730","5520","187488","1048678910","315591185760","55955884"
"2022/05/02","5730","-10","-0.17","5690","5760","5650","111598","637500820","320627215320","55955884"
"2022/04/29","5740","0","0.00","5740","5750","5660","143704","824220300","321186774160","55955884"
"2022/04/28","5740","0","0.00","5740","5740","5570","209725","1183845320","321186774160","55955884"
"2022/04/27","5740","50","0.88","5740","5740","5600","328605","1869339730","321186774160","55955884"
"2022/04/26","5690","20","0.35","5640","5790","5640","176425","1010377310","318388979960","55955884"
"2022/04/25","5670","100","1.80","5570","5690","5530","166870","940513160","317269862280","55955884"
"2022/04/22","5570","70","1.27","5500","5570","5490","91668","507472380","311674273880","55955884"
"2022/04/21","5500","20","0.36","5460","5540","5460","103506","569661650","307757362000","55955884"
"2022/04/20","5480","30","0.55","5430","5500","5430","101867","557194350","306638244320","55955884"
"2022/04/19","5450","-10","-0.18","5480","5480","5400","142686","775730780","304959567800","55955884"
"2022/04/18","5460","-20","-0.36","5470","5500","5420","183268","1001436850","305519126640","55955884"
"2022/04/15","5480","70","1.29","5390","5500","5390","301615","1643725940","306638244320","55955884"
"2022/04/14","5410","10","0.19","5420","5430","5380","173320","936604650","302721332440","55955884"
"2022/04/13","5400","40","0.75","5340","5420","5330","194109","1045302020","302161773600","55955884"
"2022/04/12","5360","-60","-1.11","5420","5430","5300","230349","1235763040","299923538240","55955884"
"2022/04/11","5420","50","0.93","5370","5440","5350","220813","1192796970","303280891280","55955884"
"2022/04/08","5370","110","2.09","5260","5420","5260","188604","1013474110","300483097080","55955884"
"2022/04/07","5260","-10","-0.19","5260","5530","5230","532878","2841159630","294327949840","55955884"
"2022/04/06","5270","80","1.54","5190","5330","5180","430882","2262022620","294887508680","55955884"
"2022/04/05","5190","-20","-0.38","5200","5210","5150","232401","1205003170","290411037960","55955884"
"2022/04/04","5210","50","0.97","5180","5220","5110","265035","1373708980","291530155640","55955884"
"2022/04/01","5160","40","0.78","5100","5170","5080","320431","1647737200","288732361440","55955884"
"2022/03/31","5120","100","1.99","5010","5160","5000","410552","2076559990","286494126080","55955884"
"2022/03/30","5020","0","0.00","5020","5020","5000","177827","891166930","280898537680","55955884"
"2022/03/29","5020","10","0.20","5010","5020","4995","186670","935166470","280898537680","55955884"
"2022/03/28","5010","0","0.00","4985","5010","4975","191352","957233505","280338978840","55955884"
"2022/03/25","5010","0","0.00","4980","5010","4980","111068","555451920","280338978840","55955884"
"2022/03/24","5010","20","0.40","5010","5010","4990","77993","389877410","280338978840","55955884"
"2022/03/23","4990","-20","-0.40","5000","5010","4960","102318","510947930","279219861160","55955884"
"2022/03/22","5010","10","0.20","4990","5010","4980","136348","681774655","280338978840","55955884"
"2022/03/21","5000","5","0.10","5010","5020","4980","162362","811388315","279779420000","55955884"
"2022/03/18","4995","-5","-0.10","5000","5000","4980","84812","423551450","279499640580","55955884"
"2022/03/17","5000","20","0.40","4985","5000","4980","234922","1172436530","279779420000","55955884"
"2022/03/16","4980","-5","-0.10","4970","4990","4945","82843","412238140","278660302320","55955884"
"2022/03/15","4985","15","0.30","4975","4990","4930","199513","989463305","278940081740","55955884"
"2022/03/14","4970","25","0.51","4950","4985","4935","86824","431359445","278100743480","55955884"
"2022/03/11","4945","-30","-0.60","4975","4990","4930","119941","594248320","276701846380","55955884"
"2022/03/10","4975","-20","-0.40","4970","4990","4955","112272","558341380","278380522900","55955884"
"2022/03/08","4995","0","0.00","4995","4995","4950","79446","396250910","279499640580","55955884"
"2022/03/07","4995","5","0.10","4995","4995","4935","90976","453724015","279499640580","55955884"
"2022/03/04","4990","5","0.10","4990","4995","4975","114639","571786670","279219861160","55955884"
"2022/03/03","4985","15","0.30","4990","4995","4950","177104","882729245","278940081740","55955884"
"2022/03/02","4970","15","0.30","4965","4980","4910","165556","822305890","278100743480","55955884"
"2022/02/28","4955","-5","-0.10","4960","4965","4925","101275","500839260","277261405220","55955884"
"2022/02/25","4960","35","0.71","4940","4965","4925","45181","223403185","277541184640","55955884"
"2022/02/24","4925","-30","-0.61","4955","4955","4900","64295","316855660","275582728700","55955884"
"2022/02/23","4955","15","0.30","4940","4955","4930","25143","124261330","277261405220","55955884"
"2022/02/22","4940","5","0.10","4950","4950","4920","24839","122525960","276422066960","55955884"
"2022/02/21","4935","-20","-0.40","4955","4970","4920","59898","295239605","276142287540","55955884"
"2022/02/18","4955","-30","-0.60","4980","4980","4955","29841","148140385","277261405220","55955884"
"2022/02/17","4985","-5","-0.10","4980","4990","4970","85649","427035155","278940081740","55955884"
"2022/02/16","4990","10","0.20","4980","4990","4970","105845","527353440","279219861160","55955884"
"2022/02/15","4980","20","0.40","4960","4990","4950","181261","902233890","278660302320","55955884"
"2022/02/14","4960","5","0.10","4910","4980","4910","92679","459013955","277541184640","55955884"
"2022/02/11","4955","40","0.81","4920","4990","4890","239848","1190610920","277261405220","55955884"
"2022/02/10","4915","30","0.61","4895","4940","4875","137267","674716415","275023169860","55955884"
"2022/02/09","4885","40","0.83","4845","4900","4845","106414","520316340","273344493340","55955884"
"2022/02/08","4845","5","0.10","4875","4885","4830","175195","852165400","271106257980","55955884"
"2022/02/07","4840","40","0.83","4840","4880","4775","140499","680647495","270826478560","55955884"
"2022/02/04","4800","-5","-0.10","4820","4835","4780","127264","611951440","268588243200","55955884"
"2022/02/03","4805","65","1.37","4770","4820","4755","149096","716465680","268868022620","55955884"
"2022/01/28","4740","35","0.74","4715","4760","4705","95473","452395495","265230890160","55955884"
"2022/01/27","4705","-55","-1.16","4770","4790","4705","145012","690189270","263272434220","55955884"
"2022/01/26","4760","-25","-0.52","4785","4800","4755","54058","258351795","266350007840","55955884"
"2022/01/25","4785","-30","-0.62","4815","4815","4745","107573","512671845","267748904940","55955884"
"2022/01/24","4815","-5","-0.10","4845","4845","4760","110802","529552965","269427581460","55955884"
"2022/01/21","4820","30","0.63","4790","4825","4770","69378","333263130","269707360880","55955884"
"2022/01/20","4790","-15","-0.31","4805","4805","4750","68611","327307715","268028684360","55955884"
"2022/01/19","4805","0","0.00","4795","4820","4735","206946","987779660","268868022620","55955884"
"2022/01/18","4805","10","0.21","4825","4825","4750","102232","488807545","268868022620","55955884"
"2022/01/17","4795","-85","-1.74","4875","4875","4770","370991","1779888815","268308463780","55955884"
"2022/01/14","4880","0","0.00","4880","4895","4840","130043","632392280","273064713920","55955884"
"2022/01/13","4880","-20","-0.41","4920","4920","4860","144694","705819945","273064713920","55955884"
"2022/01/12","4900","-20","-0.41","4915","4920","4890","197915","969878475","274183831600","55955884"
"2022/01/11","4920","-10","-0.20","4930","4940","4910","157039","773310160","275302949280","55955884"
"2022/01/10","4930","-45","-0.90","4960","4960","4895","295126","1450806225","275862508120","55955884"
"2022/01/07","4975","-5","-0.10","4980","4985","4950","79634","395483545","278380522900","55955884"
"2022/01/06","4980","10","0.20","4970","4985","4930","199982","993335980","278660302320","55955884"
"2022/01/05","4970","-15","-0.30","4985","4985","4955","117958","586423035","278100743480","55955884"
"2022/01/04","4985","5","0.10","4985","4995","4965","158017","787946475","278940081740","55955884"
"2022/01/03","4980","-20","-0.40","5000","5000","4960","160804","800410830","278660302320","55955884"
"2021/12/30","5000","35","0.70","4970","5000","4960","145484","723687685","279779420000","55955884"
"2021/12/29","4965","-25","-0.50","4965","4975","4915","114066","564463640","277820964060","55955884"
"2021/12/28","4990","-20","-0.40","5020","5030","4990","369117","1848270305","279219861160","55955884"
"2021/12/27","5010","-10","-0.20","5010","5020","4995","182549","914024065","280338978840","55955884"
"2021/12/24","5020","-10","-0.20","5030","5030","5000","409344","2053430220","280898537680","55955884"
"2021/12/23","5030","-10","-0.20","5040","5040","5020","242417","1219317080","281458096520","55955884"
"2021/12/22","5040","0","0.00","5040","5050","5000","178300","896515720","282017655360","55955884"
"2021/12/21","5040","10","0.20","5010","5060","4995","761850","3839002260","282017655360","55955884"
"2021/12/20","5030","45","0.90","4985","5030","4970","873399","4371308410","281458096520","55955884"
"2021/12/17","4985","0","0.00","4985","4990","4975","279396","1392564630","278940081740","55955884"
"2021/12/16","4985","-5","-0.10","4990","4995","4975","457523","2281798400","278940081740","55955884"
"2021/12/15","4990","25","0.50","4965","4990","4950","432234","2153693210","279219861160","55955884"
"2021/12/14","4965","40","0.81","4925","4975","4900","467663","2307470555","277820964060","55955884"
"2021/12/13","4925","10","0.20","4945","4945","4870","576426","2831639590","275582728700","55955884"
"2021/12/10","4915","110","2.29","4805","5000","4795","5553075","27244048520","275023169860","55955884"